Planificador,Tamaño,Tiempo (s),Acciones,Salida
"FF,2,0.0,6,""ith 15 relevant facts"
               0.00 seconds building connectivity graph
               0.00 seconds searching, evaluating 10 states, to a max depth of 1
               0.00 seconds total time


"
LPG-TD,2,0.05,8,time:      0.01"
Search time:     0.01
Actions:         8
Duration:        7.000
Plan quality:    8.000 
Total Num Flips: 10
     Plan file:       plan_drone_problem_d1_r0_l2_p2_c2_g2_ct2.pddl_1.SOL


"
SGPLAN40,2,0.0,6,e"
 problem 'DRONE_PROBLEM_D1_R0_L2_P2_C2_G2_CT2' defined





Starting SGPlan search ...




Starting SGPlan search ...

Solution found.
Answer file is drone_problem_d1_r0_l2_p2_c2_g2_ct2.pddl.soln


"
FF,3,0.0,10,ith 21 relevant facts"
               0.00 seconds building connectivity graph
               0.00 seconds searching, evaluating 57 states, to a max depth of 3
               0.00 seconds total time


"
LPG-TD,3,0.05,12,e:      0.02"
Search time:     0.02
Actions:         12
Duration:        11.000
Plan quality:    12.000 
Total Num Flips: 18
     Plan file:       plan_drone_problem_d1_r0_l3_p3_c3_g3_ct2.pddl_1.SOL


"
SGPLAN40,3,0.0,11,e"
 problem 'DRONE_PROBLEM_D1_R0_L3_P3_C3_G3_CT2' defined





Starting SGPlan search ...




Starting SGPlan search ...

Solution found.
Answer file is drone_problem_d1_r0_l3_p3_c3_g3_ct2.pddl.soln


"
FF,4,0.0,13,th 27 relevant facts"
               0.00 seconds building connectivity graph
               0.00 seconds searching, evaluating 123 states, to a max depth of 3
               0.00 seconds total time


"
LPG-TD,4,0.05,15,e:      0.01"
Search time:     0.01
Actions:         15
Duration:        14.000
Plan quality:    15.000 
Total Num Flips: 23
     Plan file:       plan_drone_problem_d1_r0_l4_p4_c4_g4_ct2.pddl_1.SOL


"
SGPLAN40,4,0.0,16,e"
 problem 'DRONE_PROBLEM_D1_R0_L4_P4_C4_G4_CT2' defined





Starting SGPlan search ...




Starting SGPlan search ...

Solution found.
Answer file is drone_problem_d1_r0_l4_p4_c4_g4_ct2.pddl.soln


"
FF,5,0.0,17,th 33 relevant facts"
               0.00 seconds building connectivity graph
               0.00 seconds searching, evaluating 205 states, to a max depth of 3
               0.00 seconds total time


"
LPG-TD,5,0.05,19,e:      0.01"
Search time:     0.01
Actions:         19
Duration:        17.000
Plan quality:    19.000 
Total Num Flips: 34
     Plan file:       plan_drone_problem_d1_r0_l5_p5_c5_g5_ct2.pddl_1.SOL


"
SGPLAN40,5,0.0,19,e"
 problem 'DRONE_PROBLEM_D1_R0_L5_P5_C5_G5_CT2' defined





Starting SGPlan search ...




Starting SGPlan search ...

Solution found.
Answer file is drone_problem_d1_r0_l5_p5_c5_g5_ct2.pddl.soln


"
FF,6,0.01,20,th 39 relevant facts"
               0.00 seconds building connectivity graph
               0.00 seconds searching, evaluating 349 states, to a max depth of 3
               0.00 seconds total time


"
LPG-TD,6,0.05,24,e:      0.01"
Search time:     0.01
Actions:         24
Duration:        24.000
Plan quality:    24.000 
Total Num Flips: 36
     Plan file:       plan_drone_problem_d1_r0_l6_p6_c6_g6_ct2.pddl_1.SOL


"
SGPLAN40,6,0.0,26,e"
 problem 'DRONE_PROBLEM_D1_R0_L6_P6_C6_G6_CT2' defined





Starting SGPlan search ...




Starting SGPlan search ...

Solution found.
Answer file is drone_problem_d1_r0_l6_p6_c6_g6_ct2.pddl.soln


"
FF,7,0.01,23,th 45 relevant facts"
               0.00 seconds building connectivity graph
               0.00 seconds searching, evaluating 672 states, to a max depth of 3
               0.00 seconds total time


"
LPG-TD,7,0.06,27,e:      0.01"
Search time:     0.01
Actions:         27
Duration:        25.000
Plan quality:    27.000 
Total Num Flips: 44
     Plan file:       plan_drone_problem_d1_r0_l7_p7_c7_g7_ct2.pddl_1.SOL


"
SGPLAN40,7,0.0,29,e"
 problem 'DRONE_PROBLEM_D1_R0_L7_P7_C7_G7_CT2' defined





Starting SGPlan search ...




Starting SGPlan search ...

Solution found.
Answer file is drone_problem_d1_r0_l7_p7_c7_g7_ct2.pddl.soln


"
FF,8,0.01,26,th 51 relevant facts"
               0.00 seconds building connectivity graph
               0.01 seconds searching, evaluating 913 states, to a max depth of 3
               0.01 seconds total time


"
LPG-TD,8,0.06,31,e:      0.02"
Search time:     0.01
Actions:         31
Duration:        29.000
Plan quality:    31.000 
Total Num Flips: 52
     Plan file:       plan_drone_problem_d1_r0_l8_p8_c8_g8_ct2.pddl_1.SOL


"
SGPLAN40,8,0.0,35,e"
 problem 'DRONE_PROBLEM_D1_R0_L8_P8_C8_G8_CT2' defined





Starting SGPlan search ...




Starting SGPlan search ...

Solution found.
Answer file is drone_problem_d1_r0_l8_p8_c8_g8_ct2.pddl.soln


"
FF,9,0.03,32,h 57 relevant facts"
               0.00 seconds building connectivity graph
               0.02 seconds searching, evaluating 1698 states, to a max depth of 5
               0.02 seconds total time


"
LPG-TD,9,0.06,39,e:      0.01"
Search time:     0.01
Actions:         39
Duration:        37.000
Plan quality:    39.000 
Total Num Flips: 58
     Plan file:       plan_drone_problem_d1_r0_l9_p9_c9_g9_ct2.pddl_1.SOL


"
SGPLAN40,9,0.0,36,e"
 problem 'DRONE_PROBLEM_D1_R0_L9_P9_C9_G9_CT2' defined





Starting SGPlan search ...




Starting SGPlan search ...

Solution found.
Answer file is drone_problem_d1_r0_l9_p9_c9_g9_ct2.pddl.soln


"
FF,10,0.02,34,h 63 relevant facts"
               0.00 seconds building connectivity graph
               0.01 seconds searching, evaluating 1251 states, to a max depth of 4
               0.01 seconds total time


"
LPG-TD,10,0.05,37,    0.01"
Search time:     0.01
Actions:         37
Duration:        34.000
Plan quality:    37.000 
Total Num Flips: 63
     Plan file:       plan_drone_problem_d1_r0_l10_p10_c10_g10_ct2.pddl_1.SOL


"
SGPLAN40,10,0.0,40,em 'DRONE_PROBLEM_D1_R0_L10_P10_C10_G10_CT2' defined"





Starting SGPlan search ...




Starting SGPlan search ...

Solution found.
Answer file is drone_problem_d1_r0_l10_p10_c10_g10_ct2.pddl.soln


"
FF,11,0.06,36,h 69 relevant facts"
               0.00 seconds building connectivity graph
               0.05 seconds searching, evaluating 2867 states, to a max depth of 3
               0.05 seconds total time


"
LPG-TD,11,0.06,40,    0.02"
Search time:     0.02
Actions:         40
Duration:        35.000
Plan quality:    40.000 
Total Num Flips: 65
     Plan file:       plan_drone_problem_d1_r0_l11_p11_c11_g11_ct2.pddl_1.SOL


"
SGPLAN40,11,0.01,49,em 'DRONE_PROBLEM_D1_R0_L11_P11_C11_G11_CT2' defined"





Starting SGPlan search ...




Starting SGPlan search ...

Solution found.
Answer file is drone_problem_d1_r0_l11_p11_c11_g11_ct2.pddl.soln


"
FF,12,0.09,38,h 75 relevant facts"
               0.00 seconds building connectivity graph
               0.08 seconds searching, evaluating 4106 states, to a max depth of 3
               0.08 seconds total time


"
LPG-TD,12,0.06,46,    0.01"
Search time:     0.01
Actions:         46
Duration:        43.000
Plan quality:    46.000 
Total Num Flips: 88
     Plan file:       plan_drone_problem_d1_r0_l12_p12_c12_g12_ct2.pddl_1.SOL


"
SGPLAN40,12,0.01,52,em 'DRONE_PROBLEM_D1_R0_L12_P12_C12_G12_CT2' defined"





Starting SGPlan search ...




Starting SGPlan search ...

Solution found.
Answer file is drone_problem_d1_r0_l12_p12_c12_g12_ct2.pddl.soln


"
FF,13,0.13,42,h 81 relevant facts"
               0.00 seconds building connectivity graph
               0.13 seconds searching, evaluating 5475 states, to a max depth of 3
               0.13 seconds total time


"
LPG-TD,13,0.06,52,   0.02"
Search time:     0.02
Actions:         52
Duration:        48.000
Plan quality:    52.000 
Total Num Flips: 107
     Plan file:       plan_drone_problem_d1_r0_l13_p13_c13_g13_ct2.pddl_1.SOL


"
SGPLAN40,13,0.01,57,em 'DRONE_PROBLEM_D1_R0_L13_P13_C13_G13_CT2' defined"





Starting SGPlan search ...




Starting SGPlan search ...

Solution found.
Answer file is drone_problem_d1_r0_l13_p13_c13_g13_ct2.pddl.soln


"
FF,14,0.14,48,h 87 relevant facts"
               0.00 seconds building connectivity graph
               0.13 seconds searching, evaluating 5390 states, to a max depth of 5
               0.13 seconds total time


"
LPG-TD,14,0.06,56,    0.01"
Search time:     0.01
Actions:         56
Duration:        52.000
Plan quality:    56.000 
Total Num Flips: 88
     Plan file:       plan_drone_problem_d1_r0_l14_p14_c14_g14_ct2.pddl_1.SOL


"
SGPLAN40,14,0.01,60,em 'DRONE_PROBLEM_D1_R0_L14_P14_C14_G14_CT2' defined"





Starting SGPlan search ...




Starting SGPlan search ...

Solution found.
Answer file is drone_problem_d1_r0_l14_p14_c14_g14_ct2.pddl.soln


"
FF,15,0.17,56,h 93 relevant facts"
               0.00 seconds building connectivity graph
               0.16 seconds searching, evaluating 6460 states, to a max depth of 5
               0.16 seconds total time


"
LPG-TD,15,0.06,64,   0.02"
Search time:     0.02
Actions:         64
Duration:        61.000
Plan quality:    64.000 
Total Num Flips: 117
     Plan file:       plan_drone_problem_d1_r0_l15_p15_c15_g15_ct2.pddl_1.SOL


"
SGPLAN40,15,0.01,61,em 'DRONE_PROBLEM_D1_R0_L15_P15_C15_G15_CT2' defined"





Starting SGPlan search ...




Starting SGPlan search ...

Solution found.
Answer file is drone_problem_d1_r0_l15_p15_c15_g15_ct2.pddl.soln


"
FF,16,0.31,60, 99 relevant facts"
               0.00 seconds building connectivity graph
               0.30 seconds searching, evaluating 10030 states, to a max depth of 5
               0.30 seconds total time


"
LPG-TD,16,0.06,67,   0.01"
Search time:     0.01
Actions:         67
Duration:        64.000
Plan quality:    67.000 
Total Num Flips: 115
     Plan file:       plan_drone_problem_d1_r0_l16_p16_c16_g16_ct2.pddl_1.SOL


"
SGPLAN40,16,0.02,62,em 'DRONE_PROBLEM_D1_R0_L16_P16_C16_G16_CT2' defined"





Starting SGPlan search ...




Starting SGPlan search ...

Solution found.
Answer file is drone_problem_d1_r0_l16_p16_c16_g16_ct2.pddl.soln


"
FF,17,0.34,60, 105 relevant facts"
               0.00 seconds building connectivity graph
               0.33 seconds searching, evaluating 9606 states, to a max depth of 5
               0.33 seconds total time


"
LPG-TD,17,0.07,68,   0.02"
Search time:     0.02
Actions:         68
Duration:        62.000
Plan quality:    68.000 
Total Num Flips: 126
     Plan file:       plan_drone_problem_d1_r0_l17_p17_c17_g17_ct2.pddl_1.SOL


"
SGPLAN40,17,0.02,73,em 'DRONE_PROBLEM_D1_R0_L17_P17_C17_G17_CT2' defined"





Starting SGPlan search ...




Starting SGPlan search ...

Solution found.
Answer file is drone_problem_d1_r0_l17_p17_c17_g17_ct2.pddl.soln


"
FF,18,0.36,64, 111 relevant facts"
               0.00 seconds building connectivity graph
               0.35 seconds searching, evaluating 9717 states, to a max depth of 4
               0.35 seconds total time


"
LPG-TD,18,0.07,67,   0.03"
Search time:     0.03
Actions:         67
Duration:        61.000
Plan quality:    67.000 
Total Num Flips: 109
     Plan file:       plan_drone_problem_d1_r0_l18_p18_c18_g18_ct2.pddl_1.SOL


"
SGPLAN40,18,0.03,77,em 'DRONE_PROBLEM_D1_R0_L18_P18_C18_G18_CT2' defined"





Starting SGPlan search ...




Starting SGPlan search ...

Solution found.
Answer file is drone_problem_d1_r0_l18_p18_c18_g18_ct2.pddl.soln


"
FF,19,0.58,66,117 relevant facts"
               0.00 seconds building connectivity graph
               0.57 seconds searching, evaluating 14526 states, to a max depth of 4
               0.57 seconds total time


"
LPG-TD,19,0.07,82,   0.04"
Search time:     0.02
Actions:         82
Duration:        79.000
Plan quality:    82.000 
Total Num Flips: 136
     Plan file:       plan_drone_problem_d1_r0_l19_p19_c19_g19_ct2.pddl_1.SOL


"
SGPLAN40,19,0.03,78,em 'DRONE_PROBLEM_D1_R0_L19_P19_C19_G19_CT2' defined"





Starting SGPlan search ...




Starting SGPlan search ...

Solution found.
Answer file is drone_problem_d1_r0_l19_p19_c19_g19_ct2.pddl.soln


"
FF,20,0.53,70,123 relevant facts"
               0.00 seconds building connectivity graph
               0.52 seconds searching, evaluating 13285 states, to a max depth of 5
               0.52 seconds total time


"
LPG-TD,20,0.07,81,   0.03"
Search time:     0.03
Actions:         81
Duration:        77.000
Plan quality:    81.000 
Total Num Flips: 128
     Plan file:       plan_drone_problem_d1_r0_l20_p20_c20_g20_ct2.pddl_1.SOL


"
SGPLAN40,20,0.04,85,em 'DRONE_PROBLEM_D1_R0_L20_P20_C20_G20_CT2' defined"





Starting SGPlan search ...




Starting SGPlan search ...

Solution found.
Answer file is drone_problem_d1_r0_l20_p20_c20_g20_ct2.pddl.soln


"
FF,21,1.11,75,129 relevant facts"
               0.00 seconds building connectivity graph
               1.10 seconds searching, evaluating 23068 states, to a max depth of 5
               1.10 seconds total time


"
LPG-TD,21,0.07,90,   0.03"
Search time:     0.03
Actions:         90
Duration:        85.000
Plan quality:    90.000 
Total Num Flips: 147
     Plan file:       plan_drone_problem_d1_r0_l21_p21_c21_g21_ct2.pddl_1.SOL


"
SGPLAN40,21,0.04,82,em 'DRONE_PROBLEM_D1_R0_L21_P21_C21_G21_CT2' defined"





Starting SGPlan search ...




Starting SGPlan search ...

Solution found.
Answer file is drone_problem_d1_r0_l21_p21_c21_g21_ct2.pddl.soln


"
FF,22,3.16,72,135 relevant facts"
               0.00 seconds building connectivity graph
               3.15 seconds searching, evaluating 41301 states, to a max depth of 3
               3.15 seconds total time


"
LPG-TD,22,0.08,83,   0.04"
Search time:     0.03
Actions:         83
Duration:        76.000
Plan quality:    83.000 
Total Num Flips: 129
     Plan file:       plan_drone_problem_d1_r0_l22_p22_c22_g22_ct2.pddl_1.SOL


"
SGPLAN40,22,0.06,101,em 'DRONE_PROBLEM_D1_R0_L22_P22_C22_G22_CT2' defined"





Starting SGPlan search ...




Starting SGPlan search ...

Solution found.
Answer file is drone_problem_d1_r0_l22_p22_c22_g22_ct2.pddl.soln


"
FF,23,1.7,83,141 relevant facts"
               0.00 seconds building connectivity graph
               1.69 seconds searching, evaluating 24961 states, to a max depth of 5
               1.69 seconds total time


"
LPG-TD,23,0.09,88,   0.04"
Search time:     0.03
Actions:         88
Duration:        81.000
Plan quality:    88.000 
Total Num Flips: 160
     Plan file:       plan_drone_problem_d1_r0_l23_p23_c23_g23_ct2.pddl_1.SOL


"
SGPLAN40,23,0.06,104,em 'DRONE_PROBLEM_D1_R0_L23_P23_C23_G23_CT2' defined"





Starting SGPlan search ...




Starting SGPlan search ...

Solution found.
Answer file is drone_problem_d1_r0_l23_p23_c23_g23_ct2.pddl.soln


"
FF,24,1.18,88,147 relevant facts"
               0.00 seconds building connectivity graph
               1.17 seconds searching, evaluating 21188 states, to a max depth of 4
               1.17 seconds total time


"
LPG-TD,24,0.09,96,   0.04"
Search time:     0.03
Actions:         96
Duration:        92.000
Plan quality:    96.000 
Total Num Flips: 173
     Plan file:       plan_drone_problem_d1_r0_l24_p24_c24_g24_ct2.pddl_1.SOL


"
SGPLAN40,24,0.06,105,em 'DRONE_PROBLEM_D1_R0_L24_P24_C24_G24_CT2' defined"





Starting SGPlan search ...




Starting SGPlan search ...

Solution found.
Answer file is drone_problem_d1_r0_l24_p24_c24_g24_ct2.pddl.soln


"
FF,25,2.02,92,153 relevant facts"
               0.00 seconds building connectivity graph
               2.01 seconds searching, evaluating 31139 states, to a max depth of 4
               2.01 seconds total time


"
LPG-TD,25,0.08,98,   0.03"
Search time:     0.02
Actions:         98
Duration:        91.000
Plan quality:    98.000 
Total Num Flips: 153
     Plan file:       plan_drone_problem_d1_r0_l25_p25_c25_g25_ct2.pddl_1.SOL


"
SGPLAN40,25,0.07,104,em 'DRONE_PROBLEM_D1_R0_L25_P25_C25_G25_CT2' defined"





Starting SGPlan search ...




Starting SGPlan search ...

Solution found.
Answer file is drone_problem_d1_r0_l25_p25_c25_g25_ct2.pddl.soln


"
FF,26,2.16,98,159 relevant facts"
               0.00 seconds building connectivity graph
               2.15 seconds searching, evaluating 30955 states, to a max depth of 5
               2.15 seconds total time


"
LPG-TD,26,0.09,106,0.05"
Search time:     0.04
Actions:         106
Duration:        101.000
Plan quality:    106.000 
Total Num Flips: 173
     Plan file:       plan_drone_problem_d1_r0_l26_p26_c26_g26_ct2.pddl_1.SOL


"
SGPLAN40,26,0.09,112,em 'DRONE_PROBLEM_D1_R0_L26_P26_C26_G26_CT2' defined"





Starting SGPlan search ...




Starting SGPlan search ...

Solution found.
Answer file is drone_problem_d1_r0_l26_p26_c26_g26_ct2.pddl.soln


"
FF,27,3.87,100,165 relevant facts"
               0.01 seconds building connectivity graph
               3.85 seconds searching, evaluating 42181 states, to a max depth of 5
               3.86 seconds total time


"
LPG-TD,27,0.11,105, 0.07"
Search time:     0.06
Actions:         105
Duration:        96.000
Plan quality:    105.000 
Total Num Flips: 171
     Plan file:       plan_drone_problem_d1_r0_l27_p27_c27_g27_ct2.pddl_1.SOL


"
SGPLAN40,27,0.1,122,em 'DRONE_PROBLEM_D1_R0_L27_P27_C27_G27_CT2' defined"





Starting SGPlan search ...




Starting SGPlan search ...

Solution found.
Answer file is drone_problem_d1_r0_l27_p27_c27_g27_ct2.pddl.soln


"
FF,28,5.78,98,171 relevant facts"
               0.00 seconds building connectivity graph
               5.77 seconds searching, evaluating 53835 states, to a max depth of 5
               5.77 seconds total time


"
LPG-TD,28,0.13,104, 0.08"
Search time:     0.05
Actions:         104
Duration:        93.000
Plan quality:    104.000 
Total Num Flips: 175
     Plan file:       plan_drone_problem_d1_r0_l28_p28_c28_g28_ct2.pddl_1.SOL


"
SGPLAN40,28,0.15,125,em 'DRONE_PROBLEM_D1_R0_L28_P28_C28_G28_CT2' defined"





Starting SGPlan search ...




Starting SGPlan search ...

Solution found.
Answer file is drone_problem_d1_r0_l28_p28_c28_g28_ct2.pddl.soln


"
FF,29,6.19,102,177 relevant facts"
               0.00 seconds building connectivity graph
               6.17 seconds searching, evaluating 57512 states, to a max depth of 5
               6.18 seconds total time


"
LPG-TD,29,0.13,117,0.08"
Search time:     0.06
Actions:         117
Duration:        110.000
Plan quality:    117.000 
Total Num Flips: 189
     Plan file:       plan_drone_problem_d1_r0_l29_p29_c29_g29_ct2.pddl_1.SOL


"
SGPLAN40,29,0.17,130,em 'DRONE_PROBLEM_D1_R0_L29_P29_C29_G29_CT2' defined"





Starting SGPlan search ...




Starting SGPlan search ...

Solution found.
Answer file is drone_problem_d1_r0_l29_p29_c29_g29_ct2.pddl.soln


"
FF,30,5.41,106,183 relevant facts"
               0.00 seconds building connectivity graph
               5.38 seconds searching, evaluating 53681 states, to a max depth of 4
               5.39 seconds total time


"
LPG-TD,30,0.11,118,0.07"
Search time:     0.05
Actions:         118
Duration:        112.000
Plan quality:    118.000 
Total Num Flips: 219
     Plan file:       plan_drone_problem_d1_r0_l30_p30_c30_g30_ct2.pddl_1.SOL


"
SGPLAN40,30,0.17,120,em 'DRONE_PROBLEM_D1_R0_L30_P30_C30_G30_CT2' defined"





Starting SGPlan search ...




Starting SGPlan search ...

Solution found.
Answer file is drone_problem_d1_r0_l30_p30_c30_g30_ct2.pddl.soln


"
FF,31,6.82,112,189 relevant facts"
               0.00 seconds building connectivity graph
               6.80 seconds searching, evaluating 61741 states, to a max depth of 4
               6.81 seconds total time


"
LPG-TD,31,0.13,123,0.09"
Search time:     0.07
Actions:         123
Duration:        115.000
Plan quality:    123.000 
Total Num Flips: 201
     Plan file:       plan_drone_problem_d1_r0_l31_p31_c31_g31_ct2.pddl_1.SOL


"
SGPLAN40,31,0.19,138,em 'DRONE_PROBLEM_D1_R0_L31_P31_C31_G31_CT2' defined"





Starting SGPlan search ...




Starting SGPlan search ...

Solution found.
Answer file is drone_problem_d1_r0_l31_p31_c31_g31_ct2.pddl.soln


"
FF,32,5.75,114,195 relevant facts"
               0.00 seconds building connectivity graph
               5.73 seconds searching, evaluating 53325 states, to a max depth of 4
               5.74 seconds total time


"
LPG-TD,32,0.13,129,0.08"
Search time:     0.06
Actions:         129
Duration:        120.000
Plan quality:    129.000 
Total Num Flips: 194
     Plan file:       plan_drone_problem_d1_r0_l32_p32_c32_g32_ct2.pddl_1.SOL


"
SGPLAN40,32,0.18,132,em 'DRONE_PROBLEM_D1_R0_L32_P32_C32_G32_CT2' defined"





Starting SGPlan search ...




Starting SGPlan search ...

Solution found.
Answer file is drone_problem_d1_r0_l32_p32_c32_g32_ct2.pddl.soln


"
FF,33,8.23,120,201 relevant facts"
               0.00 seconds building connectivity graph
               8.20 seconds searching, evaluating 69889 states, to a max depth of 4
               8.21 seconds total time


"
LPG-TD,33,0.13,129,0.08"
Search time:     0.05
Actions:         129
Duration:        123.000
Plan quality:    129.000 
Total Num Flips: 229
     Plan file:       plan_drone_problem_d1_r0_l33_p33_c33_g33_ct2.pddl_1.SOL


"
SGPLAN40,33,0.18,137,em 'DRONE_PROBLEM_D1_R0_L33_P33_C33_G33_CT2' defined"





Starting SGPlan search ...




Starting SGPlan search ...

Solution found.
Answer file is drone_problem_d1_r0_l33_p33_c33_g33_ct2.pddl.soln


"
FF,34,11.62,132,207 relevant facts"
               0.00 seconds building connectivity graph
              11.59 seconds searching, evaluating 81317 states, to a max depth of 5
              11.60 seconds total time


"
LPG-TD,34,0.18,140,0.13"
Search time:     0.10
Actions:         140
Duration:        131.000
Plan quality:    140.000 
Total Num Flips: 225
     Plan file:       plan_drone_problem_d1_r0_l34_p34_c34_g34_ct2.pddl_1.SOL


"
SGPLAN40,34,0.31,149,em 'DRONE_PROBLEM_D1_R0_L34_P34_C34_G34_CT2' defined"





Starting SGPlan search ...




Starting SGPlan search ...

Solution found.
Answer file is drone_problem_d1_r0_l34_p34_c34_g34_ct2.pddl.soln


"
FF,35,60,0,"
"Timeout"""
"LPG-TD,35,0.23,136,""0.18"
Search time:     0.14
Actions:         136
Duration:        125.000
Plan quality:    136.000 
Total Num Flips: 225
     Plan file:       plan_drone_problem_d1_r0_l35_p35_c35_g35_ct2.pddl_1.SOL


"
SGPLAN40,35,0.25,160,em 'DRONE_PROBLEM_D1_R0_L35_P35_C35_G35_CT2' defined"





Starting SGPlan search ...




Starting SGPlan search ...

Solution found.
Answer file is drone_problem_d1_r0_l35_p35_c35_g35_ct2.pddl.soln


"
LPG-TD,36,0.18,145,0.13"
Search time:     0.10
Actions:         145
Duration:        137.000
Plan quality:    145.000 
Total Num Flips: 234
     Plan file:       plan_drone_problem_d1_r0_l36_p36_c36_g36_ct2.pddl_1.SOL


"
SGPLAN40,36,0.42,144,em 'DRONE_PROBLEM_D1_R0_L36_P36_C36_G36_CT2' defined"





Starting SGPlan search ...




Starting SGPlan search ...

Solution found.
Answer file is drone_problem_d1_r0_l36_p36_c36_g36_ct2.pddl.soln


"
LPG-TD,37,0.17,150,0.12"
Search time:     0.08
Actions:         150
Duration:        144.000
Plan quality:    150.000 
Total Num Flips: 245
     Plan file:       plan_drone_problem_d1_r0_l37_p37_c37_g37_ct2.pddl_1.SOL


"
SGPLAN40,37,0.26,158,em 'DRONE_PROBLEM_D1_R0_L37_P37_C37_G37_CT2' defined"





Starting SGPlan search ...




Starting SGPlan search ...

Solution found.
Answer file is drone_problem_d1_r0_l37_p37_c37_g37_ct2.pddl.soln


"
LPG-TD,38,0.19,151,0.14"
Search time:     0.10
Actions:         151
Duration:        143.000
Plan quality:    151.000 
Total Num Flips: 249
     Plan file:       plan_drone_problem_d1_r0_l38_p38_c38_g38_ct2.pddl_1.SOL


"
SGPLAN40,38,0.58,165,em 'DRONE_PROBLEM_D1_R0_L38_P38_C38_G38_CT2' defined"





Starting SGPlan search ...




Starting SGPlan search ...

Solution found.
Answer file is drone_problem_d1_r0_l38_p38_c38_g38_ct2.pddl.soln


"
LPG-TD,39,0.31,151,0.27"
Search time:     0.20
Actions:         151
Duration:        139.000
Plan quality:    151.000 
Total Num Flips: 270
     Plan file:       plan_drone_problem_d1_r0_l39_p39_c39_g39_ct2.pddl_1.SOL


"
SGPLAN40,39,0.47,177,em 'DRONE_PROBLEM_D1_R0_L39_P39_C39_G39_CT2' defined"





Starting SGPlan search ...




Starting SGPlan search ...

Solution found.
Answer file is drone_problem_d1_r0_l39_p39_c39_g39_ct2.pddl.soln


"
LPG-TD,40,0.29,157,0.24"
Search time:     0.19
Actions:         157
Duration:        148.000
Plan quality:    157.000 
Total Num Flips: 297
     Plan file:       plan_drone_problem_d1_r0_l40_p40_c40_g40_ct2.pddl_1.SOL


"
SGPLAN40,40,0.62,176,em 'DRONE_PROBLEM_D1_R0_L40_P40_C40_G40_CT2' defined"





Starting SGPlan search ...




Starting SGPlan search ...

Solution found.
Answer file is drone_problem_d1_r0_l40_p40_c40_g40_ct2.pddl.soln


"
LPG-TD,41,0.36,157,0.31"
Search time:     0.24
Actions:         157
Duration:        144.000
Plan quality:    157.000 
Total Num Flips: 272
     Plan file:       plan_drone_problem_d1_r0_l41_p41_c41_g41_ct2.pddl_1.SOL


"
SGPLAN40,41,0.78,184,em 'DRONE_PROBLEM_D1_R0_L41_P41_C41_G41_CT2' defined"





Starting SGPlan search ...




Starting SGPlan search ...

Solution found.
Answer file is drone_problem_d1_r0_l41_p41_c41_g41_ct2.pddl.soln


"
LPG-TD,42,0.27,164,0.23"
Search time:     0.17
Actions:         164
Duration:        155.000
Plan quality:    164.000 
Total Num Flips: 253
     Plan file:       plan_drone_problem_d1_r0_l42_p42_c42_g42_ct2.pddl_1.SOL


"
SGPLAN40,42,0.68,185,em 'DRONE_PROBLEM_D1_R0_L42_P42_C42_G42_CT2' defined"





Starting SGPlan search ...




Starting SGPlan search ...

Solution found.
Answer file is drone_problem_d1_r0_l42_p42_c42_g42_ct2.pddl.soln


"
LPG-TD,43,0.3,170,0.25"
Search time:     0.19
Actions:         170
Duration:        161.000
Plan quality:    170.000 
Total Num Flips: 288
     Plan file:       plan_drone_problem_d1_r0_l43_p43_c43_g43_ct2.pddl_1.SOL


"
SGPLAN40,43,1.12,194,em 'DRONE_PROBLEM_D1_R0_L43_P43_C43_G43_CT2' defined"





Starting SGPlan search ...




Starting SGPlan search ...

Solution found.
Answer file is drone_problem_d1_r0_l43_p43_c43_g43_ct2.pddl.soln


"
LPG-TD,44,0.48,166,0.44"
Search time:     0.34
Actions:         166
Duration:        149.000
Plan quality:    166.000 
Total Num Flips: 267
     Plan file:       plan_drone_problem_d1_r0_l44_p44_c44_g44_ct2.pddl_1.SOL


"
SGPLAN40,44,0.95,198,em 'DRONE_PROBLEM_D1_R0_L44_P44_C44_G44_CT2' defined"





Starting SGPlan search ...




Starting SGPlan search ...

Solution found.
Answer file is drone_problem_d1_r0_l44_p44_c44_g44_ct2.pddl.soln


"
LPG-TD,45,0.35,181,0.30"
Search time:     0.23
Actions:         181
Duration:        171.000
Plan quality:    181.000 
Total Num Flips: 288
     Plan file:       plan_drone_problem_d1_r0_l45_p45_c45_g45_ct2.pddl_1.SOL


"
SGPLAN40,45,1.1,183,em 'DRONE_PROBLEM_D1_R0_L45_P45_C45_G45_CT2' defined"





Starting SGPlan search ...




Starting SGPlan search ...

Solution found.
Answer file is drone_problem_d1_r0_l45_p45_c45_g45_ct2.pddl.soln


"
LPG-TD,46,0.58,186,0.54"
Search time:     0.42
Actions:         186
Duration:        173.000
Plan quality:    186.000 
Total Num Flips: 291
     Plan file:       plan_drone_problem_d1_r0_l46_p46_c46_g46_ct2.pddl_1.SOL


"
SGPLAN40,46,1.52,212,em 'DRONE_PROBLEM_D1_R0_L46_P46_C46_G46_CT2' defined"





Starting SGPlan search ...




Starting SGPlan search ...

Solution found.
Answer file is drone_problem_d1_r0_l46_p46_c46_g46_ct2.pddl.soln


"
LPG-TD,47,0.4,184,0.36"
Search time:     0.27
Actions:         184
Duration:        174.000
Plan quality:    184.000 
Total Num Flips: 290
     Plan file:       plan_drone_problem_d1_r0_l47_p47_c47_g47_ct2.pddl_1.SOL


"
SGPLAN40,47,1.41,198,em 'DRONE_PROBLEM_D1_R0_L47_P47_C47_G47_CT2' defined"





Starting SGPlan search ...




Starting SGPlan search ...

Solution found.
Answer file is drone_problem_d1_r0_l47_p47_c47_g47_ct2.pddl.soln


"
LPG-TD,48,0.52,190,0.47"
Search time:     0.36
Actions:         190
Duration:        178.000
Plan quality:    190.000 
Total Num Flips: 324
     Plan file:       plan_drone_problem_d1_r0_l48_p48_c48_g48_ct2.pddl_1.SOL


"
SGPLAN40,48,1.99,214,em 'DRONE_PROBLEM_D1_R0_L48_P48_C48_G48_CT2' defined"





Starting SGPlan search ...




Starting SGPlan search ...

Solution found.
Answer file is drone_problem_d1_r0_l48_p48_c48_g48_ct2.pddl.soln


"
LPG-TD,49,0.71,191,0.66"
Search time:     0.52
Actions:         191
Duration:        175.000
Plan quality:    191.000 
Total Num Flips: 323
     Plan file:       plan_drone_problem_d1_r0_l49_p49_c49_g49_ct2.pddl_1.SOL


"
SGPLAN40,49,1.55,224,em 'DRONE_PROBLEM_D1_R0_L49_P49_C49_G49_CT2' defined"





Starting SGPlan search ...




Starting SGPlan search ...

Solution found.
Answer file is drone_problem_d1_r0_l49_p49_c49_g49_ct2.pddl.soln


"
LPG-TD,50,0.79,194,0.74"
Search time:     0.58
Actions:         194
Duration:        178.000
Plan quality:    194.000 
Total Num Flips: 328
     Plan file:       plan_drone_problem_d1_r0_l50_p50_c50_g50_ct2.pddl_1.SOL


"
SGPLAN40,50,1.21,225,em 'DRONE_PROBLEM_D1_R0_L50_P50_C50_G50_CT2' defined"





Starting SGPlan search ...




Starting SGPlan search ...

Solution found.
Answer file is drone_problem_d1_r0_l50_p50_c50_g50_ct2.pddl.soln


"
LPG-TD,51,0.72,202,0.67"
Search time:     0.54
Actions:         202
Duration:        187.000
Plan quality:    202.000 
Total Num Flips: 325
     Plan file:       plan_drone_problem_d1_r0_l51_p51_c51_g51_ct2.pddl_1.SOL


"
SGPLAN40,51,2.01,229,em 'DRONE_PROBLEM_D1_R0_L51_P51_C51_G51_CT2' defined"





Starting SGPlan search ...




Starting SGPlan search ...

Solution found.
Answer file is drone_problem_d1_r0_l51_p51_c51_g51_ct2.pddl.soln


"
LPG-TD,52,0.59,209,0.54"
Search time:     0.42
Actions:         209
Duration:        199.000
Plan quality:    209.000 
Total Num Flips: 340
     Plan file:       plan_drone_problem_d1_r0_l52_p52_c52_g52_ct2.pddl_1.SOL


"
SGPLAN40,52,2.59,225,em 'DRONE_PROBLEM_D1_R0_L52_P52_C52_G52_CT2' defined"





Starting SGPlan search ...




Starting SGPlan search ...

Solution found.
Answer file is drone_problem_d1_r0_l52_p52_c52_g52_ct2.pddl.soln


"
LPG-TD,53,0.85,205,0.80"
Search time:     0.63
Actions:         205
Duration:        188.000
Plan quality:    205.000 
Total Num Flips: 331
     Plan file:       plan_drone_problem_d1_r0_l53_p53_c53_g53_ct2.pddl_1.SOL


"
SGPLAN40,53,2.53,236,em 'DRONE_PROBLEM_D1_R0_L53_P53_C53_G53_CT2' defined"





Starting SGPlan search ...




Starting SGPlan search ...

Solution found.
Answer file is drone_problem_d1_r0_l53_p53_c53_g53_ct2.pddl.soln


"
LPG-TD,54,1.25,211,1.19"
Search time:     0.96
Actions:         211
Duration:        193.000
Plan quality:    211.000 
Total Num Flips: 367
     Plan file:       plan_drone_problem_d1_r0_l54_p54_c54_g54_ct2.pddl_1.SOL


"
SGPLAN40,54,3.03,247,em 'DRONE_PROBLEM_D1_R0_L54_P54_C54_G54_CT2' defined"





Starting SGPlan search ...




Starting SGPlan search ...

Solution found.
Answer file is drone_problem_d1_r0_l54_p54_c54_g54_ct2.pddl.soln


"
LPG-TD,55,0.76,218,0.71"
Search time:     0.56
Actions:         218
Duration:        204.000
Plan quality:    218.000 
Total Num Flips: 354
     Plan file:       plan_drone_problem_d1_r0_l55_p55_c55_g55_ct2.pddl_1.SOL


"
SGPLAN40,55,2.7,226,em 'DRONE_PROBLEM_D1_R0_L55_P55_C55_G55_CT2' defined"





Starting SGPlan search ...




Starting SGPlan search ...

Solution found.
Answer file is drone_problem_d1_r0_l55_p55_c55_g55_ct2.pddl.soln


"
LPG-TD,56,1.05,224,1.01"
Search time:     0.81
Actions:         224
Duration:        207.000
Plan quality:    224.000 
Total Num Flips: 373
     Plan file:       plan_drone_problem_d1_r0_l56_p56_c56_g56_ct2.pddl_1.SOL


"
SGPLAN40,56,3.23,250,em 'DRONE_PROBLEM_D1_R0_L56_P56_C56_G56_CT2' defined"





Starting SGPlan search ...




Starting SGPlan search ...

Solution found.
Answer file is drone_problem_d1_r0_l56_p56_c56_g56_ct2.pddl.soln


"
LPG-TD,57,1.01,232,0.96"
Search time:     0.75
Actions:         232
Duration:        221.000
Plan quality:    232.000 
Total Num Flips: 372
     Plan file:       plan_drone_problem_d1_r0_l57_p57_c57_g57_ct2.pddl_1.SOL


"
SGPLAN40,57,3.59,249,em 'DRONE_PROBLEM_D1_R0_L57_P57_C57_G57_CT2' defined"





Starting SGPlan search ...




Starting SGPlan search ...

Solution found.
Answer file is drone_problem_d1_r0_l57_p57_c57_g57_ct2.pddl.soln


"
LPG-TD,58,0.85,230,0.80"
Search time:     0.63
Actions:         230
Duration:        219.000
Plan quality:    230.000 
Total Num Flips: 371
     Plan file:       plan_drone_problem_d1_r0_l58_p58_c58_g58_ct2.pddl_1.SOL


"
SGPLAN40,58,4.43,250,em 'DRONE_PROBLEM_D1_R0_L58_P58_C58_G58_CT2' defined"





Starting SGPlan search ...




Starting SGPlan search ...

Solution found.
Answer file is drone_problem_d1_r0_l58_p58_c58_g58_ct2.pddl.soln


"
LPG-TD,59,0.98,239,0.93"
Search time:     0.73
Actions:         239
Duration:        222.000
Plan quality:    239.000 
Total Num Flips: 377
     Plan file:       plan_drone_problem_d1_r0_l59_p59_c59_g59_ct2.pddl_1.SOL


"
SGPLAN40,59,4.76,260,em 'DRONE_PROBLEM_D1_R0_L59_P59_C59_G59_CT2' defined"





Starting SGPlan search ...




Starting SGPlan search ...

Solution found.
Answer file is drone_problem_d1_r0_l59_p59_c59_g59_ct2.pddl.soln


"
LPG-TD,60,0.9,248,0.86"
Search time:     0.68
Actions:         248
Duration:        237.000
Plan quality:    248.000 
Total Num Flips: 404
     Plan file:       plan_drone_problem_d1_r0_l60_p60_c60_g60_ct2.pddl_1.SOL


"
SGPLAN40,60,3.79,260,em 'DRONE_PROBLEM_D1_R0_L60_P60_C60_G60_CT2' defined"





Starting SGPlan search ...




Starting SGPlan search ...

Solution found.
Answer file is drone_problem_d1_r0_l60_p60_c60_g60_ct2.pddl.soln


"
LPG-TD,61,1.35,239,1.30"
Search time:     1.08
Actions:         239
Duration:        222.000
Plan quality:    239.000 
Total Num Flips: 385
     Plan file:       plan_drone_problem_d1_r0_l61_p61_c61_g61_ct2.pddl_1.SOL


"
SGPLAN40,61,4.48,271,em 'DRONE_PROBLEM_D1_R0_L61_P61_C61_G61_CT2' defined"





Starting SGPlan search ...




Starting SGPlan search ...

Solution found.
Answer file is drone_problem_d1_r0_l61_p61_c61_g61_ct2.pddl.soln


"
LPG-TD,62,0.97,250,0.91"
Search time:     0.70
Actions:         250
Duration:        237.000
Plan quality:    250.000 
Total Num Flips: 396
     Plan file:       plan_drone_problem_d1_r0_l62_p62_c62_g62_ct2.pddl_1.SOL


"
SGPLAN40,62,4.34,249,em 'DRONE_PROBLEM_D1_R0_L62_P62_C62_G62_CT2' defined"





Starting SGPlan search ...




Starting SGPlan search ...

Solution found.
Answer file is drone_problem_d1_r0_l62_p62_c62_g62_ct2.pddl.soln


"
LPG-TD,63,1.39,251,1.34"
Search time:     1.12
Actions:         251
Duration:        236.000
Plan quality:    251.000 
Total Num Flips: 397
     Plan file:       plan_drone_problem_d1_r0_l63_p63_c63_g63_ct2.pddl_1.SOL


"
SGPLAN40,63,6.65,275,em 'DRONE_PROBLEM_D1_R0_L63_P63_C63_G63_CT2' defined"





Starting SGPlan search ...




Starting SGPlan search ...

Solution found.
Answer file is drone_problem_d1_r0_l63_p63_c63_g63_ct2.pddl.soln


"
LPG-TD,64,1.72,243,1.67"
Search time:     1.37
Actions:         243
Duration:        223.000
Plan quality:    243.000 
Total Num Flips: 389
     Plan file:       plan_drone_problem_d1_r0_l64_p64_c64_g64_ct2.pddl_1.SOL


"
SGPLAN40,64,5.66,287,em 'DRONE_PROBLEM_D1_R0_L64_P64_C64_G64_CT2' defined"





Starting SGPlan search ...




Starting SGPlan search ...

Solution found.
Answer file is drone_problem_d1_r0_l64_p64_c64_g64_ct2.pddl.soln


"
LPG-TD,65,1.26,263,1.21"
Search time:     0.96
Actions:         263
Duration:        254.000
Plan quality:    263.000 
Total Num Flips: 420
     Plan file:       plan_drone_problem_d1_r0_l65_p65_c65_g65_ct2.pddl_1.SOL


"
SGPLAN40,65,8.39,288,em 'DRONE_PROBLEM_D1_R0_L65_P65_C65_G65_CT2' defined"





Starting SGPlan search ...




Starting SGPlan search ...

Solution found.
Answer file is drone_problem_d1_r0_l65_p65_c65_g65_ct2.pddl.soln


"
LPG-TD,66,1.7,270,1.64"
Search time:     1.35
Actions:         270
Duration:        255.000
Plan quality:    270.000 
Total Num Flips: 476
     Plan file:       plan_drone_problem_d1_r0_l66_p66_c66_g66_ct2.pddl_1.SOL


"
SGPLAN40,66,7.61,293,em 'DRONE_PROBLEM_D1_R0_L66_P66_C66_G66_CT2' defined"





Starting SGPlan search ...




Starting SGPlan search ...

Solution found.
Answer file is drone_problem_d1_r0_l66_p66_c66_g66_ct2.pddl.soln


"
LPG-TD,67,1.63,262,1.58"
Search time:     1.28
Actions:         262
Duration:        247.000
Plan quality:    262.000 
Total Num Flips: 432
     Plan file:       plan_drone_problem_d1_r0_l67_p67_c67_g67_ct2.pddl_1.SOL


"
SGPLAN40,67,8.5,274,em 'DRONE_PROBLEM_D1_R0_L67_P67_C67_G67_CT2' defined"





Starting SGPlan search ...




Starting SGPlan search ...

Solution found.
Answer file is drone_problem_d1_r0_l67_p67_c67_g67_ct2.pddl.soln


"
LPG-TD,68,1.64,279,1.58"
Search time:     1.28
Actions:         279
Duration:        266.000
Plan quality:    279.000 
Total Num Flips: 497
     Plan file:       plan_drone_problem_d1_r0_l68_p68_c68_g68_ct2.pddl_1.SOL


"
SGPLAN40,68,7.34,292,em 'DRONE_PROBLEM_D1_R0_L68_P68_C68_G68_CT2' defined"





Starting SGPlan search ...




Starting SGPlan search ...

Solution found.
Answer file is drone_problem_d1_r0_l68_p68_c68_g68_ct2.pddl.soln


"
LPG-TD,69,2.48,272,2.43"
Search time:     2.01
Actions:         272
Duration:        254.000
Plan quality:    272.000 
Total Num Flips: 443
     Plan file:       plan_drone_problem_d1_r0_l69_p69_c69_g69_ct2.pddl_1.SOL


"
SGPLAN40,69,9.89,316,em 'DRONE_PROBLEM_D1_R0_L69_P69_C69_G69_CT2' defined"





Starting SGPlan search ...




Starting SGPlan search ...

Solution found.
Answer file is drone_problem_d1_r0_l69_p69_c69_g69_ct2.pddl.soln


"
LPG-TD,70,2.27,275,2.22"
Search time:     1.84
Actions:         275
Duration:        259.000
Plan quality:    275.000 
Total Num Flips: 469
     Plan file:       plan_drone_problem_d1_r0_l70_p70_c70_g70_ct2.pddl_1.SOL


"
SGPLAN40,70,8.79,297,em 'DRONE_PROBLEM_D1_R0_L70_P70_C70_G70_CT2' defined"





Starting SGPlan search ...




Starting SGPlan search ...

Solution found.
Answer file is drone_problem_d1_r0_l70_p70_c70_g70_ct2.pddl.soln


"
LPG-TD,71,3.04,283,2.98"
Search time:     2.46
Actions:         283
Duration:        264.000
Plan quality:    283.000 
Total Num Flips: 454
     Plan file:       plan_drone_problem_d1_r0_l71_p71_c71_g71_ct2.pddl_1.SOL


"
SGPLAN40,71,9.62,320,em 'DRONE_PROBLEM_D1_R0_L71_P71_C71_G71_CT2' defined"





Starting SGPlan search ...




Starting SGPlan search ...

Solution found.
Answer file is drone_problem_d1_r0_l71_p71_c71_g71_ct2.pddl.soln


"
LPG-TD,72,2.91,282,2.86"
Search time:     2.41
Actions:         282
Duration:        262.000
Plan quality:    282.000 
Total Num Flips: 455
     Plan file:       plan_drone_problem_d1_r0_l72_p72_c72_g72_ct2.pddl_1.SOL


"
SGPLAN40,72,11.0,321,em 'DRONE_PROBLEM_D1_R0_L72_P72_C72_G72_CT2' defined"





Starting SGPlan search ...




Starting SGPlan search ...

Solution found.
Answer file is drone_problem_d1_r0_l72_p72_c72_g72_ct2.pddl.soln


"
LPG-TD,73,2.0,300,1.95"
Search time:     1.59
Actions:         300
Duration:        291.000
Plan quality:    300.000 
Total Num Flips: 483
     Plan file:       plan_drone_problem_d1_r0_l73_p73_c73_g73_ct2.pddl_1.SOL


"
SGPLAN40,73,13.2,321,em 'DRONE_PROBLEM_D1_R0_L73_P73_C73_G73_CT2' defined"





Starting SGPlan search ...




Starting SGPlan search ...

Solution found.
Answer file is drone_problem_d1_r0_l73_p73_c73_g73_ct2.pddl.soln


"
LPG-TD,74,4.78,285,4.72"
Search time:     4.02
Actions:         285
Duration:        261.000
Plan quality:    285.000 
Total Num Flips: 467
     Plan file:       plan_drone_problem_d1_r0_l74_p74_c74_g74_ct2.pddl_1.SOL


"
SGPLAN40,74,16.96,339,em 'DRONE_PROBLEM_D1_R0_L74_P74_C74_G74_CT2' defined"





Starting SGPlan search ...




Starting SGPlan search ...

Solution found.
Answer file is drone_problem_d1_r0_l74_p74_c74_g74_ct2.pddl.soln


"
LPG-TD,75,2.79,300,2.73"
Search time:     2.24
Actions:         300
Duration:        280.000
Plan quality:    300.000 
Total Num Flips: 471
     Plan file:       plan_drone_problem_d1_r0_l75_p75_c75_g75_ct2.pddl_1.SOL


"
SGPLAN40,75,15.29,335,em 'DRONE_PROBLEM_D1_R0_L75_P75_C75_G75_CT2' defined"





Starting SGPlan search ...




Starting SGPlan search ...

Solution found.
Answer file is drone_problem_d1_r0_l75_p75_c75_g75_ct2.pddl.soln


"
LPG-TD,76,3.61,303,3.56"
Search time:     2.94
Actions:         303
Duration:        285.000
Plan quality:    303.000 
Total Num Flips: 489
     Plan file:       plan_drone_problem_d1_r0_l76_p76_c76_g76_ct2.pddl_1.SOL


"
SGPLAN40,76,17.66,329,em 'DRONE_PROBLEM_D1_R0_L76_P76_C76_G76_CT2' defined"





Starting SGPlan search ...




Starting SGPlan search ...

Solution found.
Answer file is drone_problem_d1_r0_l76_p76_c76_g76_ct2.pddl.soln


"
LPG-TD,77,4.94,295,4.88"
Search time:     4.13
Actions:         295
Duration:        270.000
Plan quality:    295.000 
Total Num Flips: 501
     Plan file:       plan_drone_problem_d1_r0_l77_p77_c77_g77_ct2.pddl_1.SOL


"
SGPLAN40,77,14.75,346,em 'DRONE_PROBLEM_D1_R0_L77_P77_C77_G77_CT2' defined"





Starting SGPlan search ...




Starting SGPlan search ...

Solution found.
Answer file is drone_problem_d1_r0_l77_p77_c77_g77_ct2.pddl.soln


"
LPG-TD,78,2.59,328,2.53"
Search time:     2.07
Actions:         328
Duration:        315.000
Plan quality:    328.000 
Total Num Flips: 517
     Plan file:       plan_drone_problem_d1_r0_l78_p78_c78_g78_ct2.pddl_1.SOL


"
SGPLAN40,78,14.72,337,em 'DRONE_PROBLEM_D1_R0_L78_P78_C78_G78_CT2' defined"





Starting SGPlan search ...




Starting SGPlan search ...

Solution found.
Answer file is drone_problem_d1_r0_l78_p78_c78_g78_ct2.pddl.soln


"
LPG-TD,79,3.71,308,3.65"
Search time:     3.14
Actions:         308
Duration:        287.000
Plan quality:    308.000 
Total Num Flips: 488
     Plan file:       plan_drone_problem_d1_r0_l79_p79_c79_g79_ct2.pddl_1.SOL


"
SGPLAN40,79,15.68,344,em 'DRONE_PROBLEM_D1_R0_L79_P79_C79_G79_CT2' defined"





Starting SGPlan search ...




Starting SGPlan search ...

Solution found.
Answer file is drone_problem_d1_r0_l79_p79_c79_g79_ct2.pddl.soln


"
LPG-TD,80,3.84,315,3.79"
Search time:     3.24
Actions:         315
Duration:        299.000
Plan quality:    315.000 
Total Num Flips: 554
     Plan file:       plan_drone_problem_d1_r0_l80_p80_c80_g80_ct2.pddl_1.SOL


"
SGPLAN40,80,16.16,347,em 'DRONE_PROBLEM_D1_R0_L80_P80_C80_G80_CT2' defined"





Starting SGPlan search ...




Starting SGPlan search ...

Solution found.
Answer file is drone_problem_d1_r0_l80_p80_c80_g80_ct2.pddl.soln


"
LPG-TD,81,6.5,314,6.44"
Search time:     5.61
Actions:         314
Duration:        288.000
Plan quality:    314.000 
Total Num Flips: 518
     Plan file:       plan_drone_problem_d1_r0_l81_p81_c81_g81_ct2.pddl_1.SOL


"
SGPLAN40,81,22.73,370,em 'DRONE_PROBLEM_D1_R0_L81_P81_C81_G81_CT2' defined"





Starting SGPlan search ...




Starting SGPlan search ...

Solution found.
Answer file is drone_problem_d1_r0_l81_p81_c81_g81_ct2.pddl.soln


"
LPG-TD,82,4.91,321,4.85"
Search time:     4.14
Actions:         321
Duration:        297.000
Plan quality:    321.000 
Total Num Flips: 569
     Plan file:       plan_drone_problem_d1_r0_l82_p82_c82_g82_ct2.pddl_1.SOL


"
SGPLAN40,82,21.44,367,em 'DRONE_PROBLEM_D1_R0_L82_P82_C82_G82_CT2' defined"





Starting SGPlan search ...




Starting SGPlan search ...

Solution found.
Answer file is drone_problem_d1_r0_l82_p82_c82_g82_ct2.pddl.soln


"
LPG-TD,83,5.67,327,5.61"
Search time:     4.84
Actions:         327
Duration:        302.000
Plan quality:    327.000 
Total Num Flips: 528
     Plan file:       plan_drone_problem_d1_r0_l83_p83_c83_g83_ct2.pddl_1.SOL


"
SGPLAN40,83,22.15,362,em 'DRONE_PROBLEM_D1_R0_L83_P83_C83_G83_CT2' defined"





Starting SGPlan search ...




Starting SGPlan search ...

Solution found.
Answer file is drone_problem_d1_r0_l83_p83_c83_g83_ct2.pddl.soln


"
LPG-TD,84,4.16,339,4.11"
Search time:     3.49
Actions:         339
Duration:        321.000
Plan quality:    339.000 
Total Num Flips: 549
     Plan file:       plan_drone_problem_d1_r0_l84_p84_c84_g84_ct2.pddl_1.SOL


"
SGPLAN40,84,17.55,359,em 'DRONE_PROBLEM_D1_R0_L84_P84_C84_G84_CT2' defined"





Starting SGPlan search ...




Starting SGPlan search ...

Solution found.
Answer file is drone_problem_d1_r0_l84_p84_c84_g84_ct2.pddl.soln


"
LPG-TD,85,4.84,335,4.78"
Search time:     4.13
Actions:         335
Duration:        314.000
Plan quality:    335.000 
Total Num Flips: 538
     Plan file:       plan_drone_problem_d1_r0_l85_p85_c85_g85_ct2.pddl_1.SOL


"
SGPLAN40,85,24.92,373,em 'DRONE_PROBLEM_D1_R0_L85_P85_C85_G85_CT2' defined"





Starting SGPlan search ...




Starting SGPlan search ...

Solution found.
Answer file is drone_problem_d1_r0_l85_p85_c85_g85_ct2.pddl.soln


"
LPG-TD,86,4.99,341,4.93"
Search time:     4.28
Actions:         341
Duration:        323.000
Plan quality:    341.000 
Total Num Flips: 578
     Plan file:       plan_drone_problem_d1_r0_l86_p86_c86_g86_ct2.pddl_1.SOL


"
SGPLAN40,86,27.27,370,em 'DRONE_PROBLEM_D1_R0_L86_P86_C86_G86_CT2' defined"





Starting SGPlan search ...




Starting SGPlan search ...

Solution found.
Answer file is drone_problem_d1_r0_l86_p86_c86_g86_ct2.pddl.soln


"
LPG-TD,87,8.82,338,8.77"
Search time:     7.62
Actions:         338
Duration:        308.000
Plan quality:    338.000 
Total Num Flips: 555
     Plan file:       plan_drone_problem_d1_r0_l87_p87_c87_g87_ct2.pddl_1.SOL


"
SGPLAN40,87,32.3,399,em 'DRONE_PROBLEM_D1_R0_L87_P87_C87_G87_CT2' defined"





Starting SGPlan search ...




Starting SGPlan search ...

Solution found.
Answer file is drone_problem_d1_r0_l87_p87_c87_g87_ct2.pddl.soln


"
LPG-TD,88,13.92,352,86"
Search time:     12.83
Actions:         352
Duration:        329.000
Plan quality:    352.000 
Total Num Flips: 1151
     Plan file:       plan_drone_problem_d1_r0_l88_p88_c88_g88_ct2.pddl_1.SOL


"
SGPLAN40,88,41.93,373,em 'DRONE_PROBLEM_D1_R0_L88_P88_C88_G88_CT2' defined"





Starting SGPlan search ...




Starting SGPlan search ...

Solution found.
Answer file is drone_problem_d1_r0_l88_p88_c88_g88_ct2.pddl.soln


"
LPG-TD,89,7.54,341,7.48"
Search time:     6.48
Actions:         341
Duration:        315.000
Plan quality:    341.000 
Total Num Flips: 562
     Plan file:       plan_drone_problem_d1_r0_l89_p89_c89_g89_ct2.pddl_1.SOL


"
SGPLAN40,89,45.15,403,em 'DRONE_PROBLEM_D1_R0_L89_P89_C89_G89_CT2' defined"





Starting SGPlan search ...




Starting SGPlan search ...

Solution found.
Answer file is drone_problem_d1_r0_l89_p89_c89_g89_ct2.pddl.soln


"
LPG-TD,90,10.09,344,0.04"
Search time:     8.49
Actions:         344
Duration:        317.000
Plan quality:    344.000 
Total Num Flips: 563
     Plan file:       plan_drone_problem_d1_r0_l90_p90_c90_g90_ct2.pddl_1.SOL


"
SGPLAN40,90,31.45,415,em 'DRONE_PROBLEM_D1_R0_L90_P90_C90_G90_CT2' defined"





Starting SGPlan search ...




Starting SGPlan search ...

Solution found.
Answer file is drone_problem_d1_r0_l90_p90_c90_g90_ct2.pddl.soln


"
LPG-TD,91,15.27,353,21"
Search time:     14.19
Actions:         353
Duration:        329.000
Plan quality:    353.000 
Total Num Flips: 1184
     Plan file:       plan_drone_problem_d1_r0_l91_p91_c91_g91_ct2.pddl_1.SOL


"
SGPLAN40,91,34.83,401,em 'DRONE_PROBLEM_D1_R0_L91_P91_C91_G91_CT2' defined"





Starting SGPlan search ...




Starting SGPlan search ...

Solution found.
Answer file is drone_problem_d1_r0_l91_p91_c91_g91_ct2.pddl.soln


"
LPG-TD,92,9.98,381,.91"
Search time:     9.06
Actions:         381
Duration:        370.000
Plan quality:    381.000 
Total Num Flips: 1205
     Plan file:       plan_drone_problem_d1_r0_l92_p92_c92_g92_ct2.pddl_1.SOL


"
SGPLAN40,92,43.94,406,em 'DRONE_PROBLEM_D1_R0_L92_P92_C92_G92_CT2' defined"





Starting SGPlan search ...




Starting SGPlan search ...

Solution found.
Answer file is drone_problem_d1_r0_l92_p92_c92_g92_ct2.pddl.soln


"
LPG-TD,93,17.38,366,32"
Search time:     16.06
Actions:         366
Duration:        340.000
Plan quality:    366.000 
Total Num Flips: 1195
     Plan file:       plan_drone_problem_d1_r0_l93_p93_c93_g93_ct2.pddl_1.SOL


"
SGPLAN40,93,48.2,424,em 'DRONE_PROBLEM_D1_R0_L93_P93_C93_G93_CT2' defined"





Starting SGPlan search ...




Starting SGPlan search ...

Solution found.
Answer file is drone_problem_d1_r0_l93_p93_c93_g93_ct2.pddl.soln


"
LPG-TD,94,17.77,375,71"
Search time:     16.39
Actions:         375
Duration:        350.000
Plan quality:    375.000 
Total Num Flips: 1177
     Plan file:       plan_drone_problem_d1_r0_l94_p94_c94_g94_ct2.pddl_1.SOL


"
SGPLAN40,94,45.54,426,em 'DRONE_PROBLEM_D1_R0_L94_P94_C94_G94_CT2' defined"





Starting SGPlan search ...




Starting SGPlan search ...

Solution found.
Answer file is drone_problem_d1_r0_l94_p94_c94_g94_ct2.pddl.soln


"
LPG-TD,95,19.14,375,08"
Search time:     17.82
Actions:         375
Duration:        349.000
Plan quality:    375.000 
Total Num Flips: 1195
     Plan file:       plan_drone_problem_d1_r0_l95_p95_c95_g95_ct2.pddl_1.SOL


"
SGPLAN40,95,60,0,"
"Timeout"""
"LPG-TD,96,34.07,380,""00"
Search time:     31.73
Actions:         380
Duration:        351.000
Plan quality:    380.000 
Total Num Flips: 1220
     Plan file:       plan_drone_problem_d1_r0_l96_p96_c96_g96_ct2.pddl_1.SOL


"
LPG-TD,97,14.36,398,29"
Search time:     13.33
Actions:         398
Duration:        381.000
Plan quality:    398.000 
Total Num Flips: 1245
     Plan file:       plan_drone_problem_d1_r0_l97_p97_c97_g97_ct2.pddl_1.SOL


"
LPG-TD,98,16.0,397,94"
Search time:     14.95
Actions:         397
Duration:        375.000
Plan quality:    397.000 
Total Num Flips: 1199
     Plan file:       plan_drone_problem_d1_r0_l98_p98_c98_g98_ct2.pddl_1.SOL


"
LPG-TD,99,31.9,381,83"
Search time:     29.79
Actions:         381
Duration:        350.000
Plan quality:    381.000 
Total Num Flips: 1197
     Plan file:       plan_drone_problem_d1_r0_l99_p99_c99_g99_ct2.pddl_1.SOL


"
LPG-TD,100,11.74,399,Search time:     10.21"
Actions:         399
Duration:        374.000
Plan quality:    399.000 
Total Num Flips: 675
     Plan file:       plan_drone_problem_d1_r0_l100_p100_c100_g100_ct2.pddl_1.SOL


"
LPG-TD,101,23.86,385,Search time:     21.39"
Actions:         385
Duration:        345.000
Plan quality:    385.000 
Total Num Flips: 668
     Plan file:       plan_drone_problem_d1_r0_l101_p101_c101_g101_ct2.pddl_1.SOL


"
LPG-TD,102,12.89,402,Search time:     11.49"
Actions:         402
Duration:        372.000
Plan quality:    402.000 
Total Num Flips: 686
     Plan file:       plan_drone_problem_d1_r0_l102_p102_c102_g102_ct2.pddl_1.SOL


"
LPG-TD,103,11.83,404,Search time:     10.30"
Actions:         404
Duration:        376.000
Plan quality:    404.000 
Total Num Flips: 636
     Plan file:       plan_drone_problem_d1_r0_l103_p103_c103_g103_ct2.pddl_1.SOL


"
LPG-TD,104,9.73,418,"
Search time:     8.37
Actions:         418
Duration:        399.000
Plan quality:    418.000 
Total Num Flips: 687
     Plan file:       plan_drone_problem_d1_r0_l104_p104_c104_g104_ct2.pddl_1.SOL


"
LPG-TD,105,11.83,424,Search time:     10.47"
Actions:         424
Duration:        404.000
Plan quality:    424.000 
Total Num Flips: 743
     Plan file:       plan_drone_problem_d1_r0_l105_p105_c105_g105_ct2.pddl_1.SOL


"
LPG-TD,106,11.94,418,Search time:     10.42"
Actions:         418
Duration:        395.000
Plan quality:    418.000 
Total Num Flips: 697
     Plan file:       plan_drone_problem_d1_r0_l106_p106_c106_g106_ct2.pddl_1.SOL


"
LPG-TD,107,22.03,421,Search time:     19.55"
Actions:         421
Duration:        388.000
Plan quality:    421.000 
Total Num Flips: 685
     Plan file:       plan_drone_problem_d1_r0_l107_p107_c107_g107_ct2.pddl_1.SOL


"
LPG-TD,108,23.61,418,Search time:     20.71"
Actions:         418
Duration:        386.000
Plan quality:    418.000 
Total Num Flips: 703
     Plan file:       plan_drone_problem_d1_r0_l108_p108_c108_g108_ct2.pddl_1.SOL


"
LPG-TD,109,15.34,435,Search time:     13.41"
Actions:         435
Duration:        409.000
Plan quality:    435.000 
Total Num Flips: 699
     Plan file:       plan_drone_problem_d1_r0_l109_p109_c109_g109_ct2.pddl_1.SOL


"
LPG-TD,110,24.56,429,Search time:     21.92"
Actions:         429
Duration:        398.000
Plan quality:    429.000 
Total Num Flips: 751
     Plan file:       plan_drone_problem_d1_r0_l110_p110_c110_g110_ct2.pddl_1.SOL


"
LPG-TD,111,15.0,443,Search time:     13.25"
Actions:         443
Duration:        420.000
Plan quality:    443.000 
Total Num Flips: 724
     Plan file:       plan_drone_problem_d1_r0_l111_p111_c111_g111_ct2.pddl_1.SOL


"
LPG-TD,112,15.17,448,Search time:     13.34"
Actions:         448
Duration:        424.000
Plan quality:    448.000 
Total Num Flips: 701
     Plan file:       plan_drone_problem_d1_r0_l112_p112_c112_g112_ct2.pddl_1.SOL


"
LPG-TD,113,17.2,451,Search time:     15.09"
Actions:         451
Duration:        426.000
Plan quality:    451.000 
Total Num Flips: 722
     Plan file:       plan_drone_problem_d1_r0_l113_p113_c113_g113_ct2.pddl_1.SOL


"
LPG-TD,114,17.53,459,Search time:     15.58"
Actions:         459
Duration:        433.000
Plan quality:    459.000 
Total Num Flips: 749
     Plan file:       plan_drone_problem_d1_r0_l114_p114_c114_g114_ct2.pddl_1.SOL


"
LPG-TD,115,25.58,453,Search time:     22.75"
Actions:         453
Duration:        424.000
Plan quality:    453.000 
Total Num Flips: 771
     Plan file:       plan_drone_problem_d1_r0_l115_p115_c115_g115_ct2.pddl_1.SOL


"
LPG-TD,116,34.04,461,Search time:     30.82"
Actions:         461
Duration:        424.000
Plan quality:    461.000 
Total Num Flips: 765
     Plan file:       plan_drone_problem_d1_r0_l116_p116_c116_g116_ct2.pddl_1.SOL


"
LPG-TD,117,17.31,477,Search time:     15.23"
Actions:         477
Duration:        456.000
Plan quality:    477.000 
Total Num Flips: 794
     Plan file:       plan_drone_problem_d1_r0_l117_p117_c117_g117_ct2.pddl_1.SOL


"
LPG-TD,118,21.41,470,Search time:     19.12"
Actions:         470
Duration:        443.000
Plan quality:    470.000 
Total Num Flips: 749
     Plan file:       plan_drone_problem_d1_r0_l118_p118_c118_g118_ct2.pddl_1.SOL


"
LPG-TD,119,29.69,467,Search time:     26.69"
Actions:         467
Duration:        432.000
Plan quality:    467.000 
Total Num Flips: 786
     Plan file:       plan_drone_problem_d1_r0_l119_p119_c119_g119_ct2.pddl_1.SOL


"
LPG-TD,120,32.65,473,Search time:     29.74"
Actions:         473
Duration:        437.000
Plan quality:    473.000 
Total Num Flips: 768
     Plan file:       plan_drone_problem_d1_r0_l120_p120_c120_g120_ct2.pddl_1.SOL


"
LPG-TD,121,50.11,463,Search time:     45.80"
Actions:         463
Duration:        421.000
Plan quality:    463.000 
Total Num Flips: 759
     Plan file:       plan_drone_problem_d1_r0_l121_p121_c121_g121_ct2.pddl_1.SOL


"
LPG-TD,122,45.73,478,Search time:     40.90"
Actions:         478
Duration:        441.000
Plan quality:    478.000 
Total Num Flips: 793
     Plan file:       plan_drone_problem_d1_r0_l122_p122_c122_g122_ct2.pddl_1.SOL


"
LPG-TD,123,34.94,492,Search time:     31.26"
Actions:         492
Duration:        460.000
Plan quality:    492.000 
Total Num Flips: 842
     Plan file:       plan_drone_problem_d1_r0_l123_p123_c123_g123_ct2.pddl_1.SOL


"
LPG-TD,124,28.15,493,Search time:     24.72"
Actions:         493
Duration:        463.000
Plan quality:    493.000 
Total Num Flips: 812
     Plan file:       plan_drone_problem_d1_r0_l124_p124_c124_g124_ct2.pddl_1.SOL


"
LPG-TD,125,26.05,515,Search time:     23.45"
Actions:         515
Duration:        492.000
Plan quality:    515.000 
Total Num Flips: 849
     Plan file:       plan_drone_problem_d1_r0_l125_p125_c125_g125_ct2.pddl_1.SOL


"
LPG-TD,126,37.98,501,Search time:     34.49"
Actions:         501
Duration:        468.000
Plan quality:    501.000 
Total Num Flips: 852
     Plan file:       plan_drone_problem_d1_r0_l126_p126_c126_g126_ct2.pddl_1.SOL


"
LPG-TD,127,34.14,506,Search time:     31.20"
Actions:         506
Duration:        474.000
Plan quality:    506.000 
Total Num Flips: 851
     Plan file:       plan_drone_problem_d1_r0_l127_p127_c127_g127_ct2.pddl_1.SOL


"
LPG-TD,128,60,0,"
"Timeout"""
